0,1
Calcitriol,0
Nateglinide,1
Estradiolacetate,2
Gemcitabine,3
Fluticasonepropionate,4
Estradiol,5
Mercaptopurine,6
Dexamethasone,7
Mirabegron,8
Lglutamine,9
Lorazepam,10
Methadone,11
Loratadine,12
Lamotrigine,13
Mycophenolatemofetil,14
Naproxen,15
Maprotiline,16
Azathioprine,17
Clonazepam,18
Domperidone,19
Danazol,20
Eltrombopag,21
Cannabidiol,22
Cyclosporine,23
Ergocalciferol,24
Caffeine,25
Cabergoline,26
Aminoglutethimide,27
Carbachol,28
Imipramine,29
Dextromethorphan,30
Carbamazepine,31
Bisoprolol,32
Flurazepam,33
Fentanyl,34
Eprosartan,35
Ezetimibe,36
Isoprenaline,37
Miconazole,38
Bromocriptine,39
Glucosamine,40
Methotrimeprazine,41
Flunarizine,42
Cariprazine,43
Ketobemidone,44
Etizolam,45
Artenimol,46
Fostamatinib,47
Azelnidipine,48
Abiraterone,49
Flecainide,50
Isosorbidemononitrate,51
Argatroban,52
Ethylmorphine,53
Daunorubicin,54
Nabumetone,55
Aminophylline,56
Mitotane,57
Desloratadine,58
Clofarabine,59
Mesoridazine,60
Dantrolene,61
Chloroquine,62
Cortisoneacetate,63
Baricitinib,64
Levobupivacaine,65
Azacitidine,66
Anagrelide,67
Enzalutamide,68
Etodolac,69
Ambenonium,70
Methylprednisolone,71
Amiodarone,72
Captopril,73
Indapamide,74
Almotriptan,75
Dutasteride,76
Metoclopramide,77
Estradiolvalerate,78
Amiloride,79
Granisetron,80
Bumetanide,81
Modafinil,82
Amsacrine,83
Bortezomib,84
Diazoxide,85
Icotinib,86
Ethinylestradiol,87
Haloperidol,88
Doxepin,89
Fexofenadine,90
Cobimetinib,91
Ciprofloxacin,92
Ivacaftor,93
Fluvastatin,94
Gliclazide,95
Lovastatin,96
Erythromycin,97
Midazolam,98
Doxazosin,99
Isradipine,100
Isoniazid,101
Estramustine,102
Doxylamine,103
Estazolam,104
Ephedrine,105
Methimazole,106
Mometasone,107
Esomeprazole,108
Dicoumarol,109
Everolimus,110
Liotrix,111
Epinephrine,112
Bexarotene,113
Methylphenidate,114
Fluorometholone,115
Doxycycline,116
Escitalopram,117
Azatadine,118
Flibanserin,119
Dopamine,120
Avanafil,121
Doconexent,122
Clemastine,123
Enalapril,124
Folicacid,125
Erlotinib,126
Fluphenazine,127
Clomifene,128
Blonanserin,129
Lorcaserin,130
Amphetamine,131
Hexobarbital,132
Mitoxantrone,133
Amantadine,134
Acetazolamide,135
Duloxetine,136
Fesoterodine,137
Citalopram,138
Metoprolol,139
Digoxin,140
Fluorouracil,141
Disopyramide,142
Cerivastatin,143
Ketoconazole,144
Ipratropiumbromide,145
Dexchlorpheniraminemaleate,146
Fingolimod,147
Droxidopa,148
Dihydroergotamine,149
Ergonovine,150
Cyanocobalamin,151
Benzocaine,152
Cytarabine,153
Itraconazole,154
Etoricoxib,155
Brompheniramine,156
Imatinib,157
Hydroxychloroquine,158
Apixaban,159
Clomipramine,160
Bleomycin,161
Flupentixol,162
Naloxegol,163
Flurbiprofen,164
Moclobemide,165
Alosetron,166
Miltefosine,167
Glyburide,168
Fosphenytoin,169
Nabiximols,170
Frovatriptan,171
Medroxyprogesteroneacetate,172
Clenbuterol,173
Aprepitant,174
Estradioldienanthate,175
Naloxone,176
Acetylsalicylicacid,177
Amrubicin,178
Furosemide,179
Entacapone,180
Nefazodone,181
Flutamide,182
Mefloquine,183
Desipramine,184
Nabilone,185
Ciclesonide,186
Levothyroxine,187
Nalmefene,188
Mebendazole,189
Benzphetamine,190
Dronedarone,191
Fenfluramine,192
Flunitrazepam,193
Lenvatinib,194
Mestranol,195
Lercanidipine,196
Morniflumate,197
Cocaine,198
Agomelatine,199
Menadione,200
Cefazolin,201
Desvenlafaxine,202
Estrone,203
Lapatinib,204
Cyclizine,205
Carteolol,206
Etomidate,207
Cladribine,208
Butamben,209
Ethopropazine,210
Canagliflozin,211
Dexmethylphenidate,212
Diclofenac,213
Gefitinib,214
Ceftriaxone,215
Brigatinib,216
Enflurane,217
Dinoprostone,218
Acetaminophen,219
Halofantrine,220
Lomitapide,221
Mycophenolicacid,222
Betrixaban,223
Desmopressin,224
Dronabinol,225
Methamphetamine,226
Labetalol,227
Asenapine,228
Etoposide,229
Dexlansoprazole,230
Atropine,231
Etacrynicacid,232
Ceritinib,233
Macimorelin,234
Gestodene,235
Imiquimod,236
Levofloxacin,237
Levocetirizine,238
Levosalbutamol,239
Cilostazol,240
Aliskiren,241
Losartan,242
Hydroxyprogesteronecaproate,243
Armodafinil,244
Felodipine,245
Exemestane,246
Melatonin,247
Ergotamine,248
Linagliptin,249
Acebutolol,250
Donepezil,251
Naltrexone,252
Acenocoumarol,253
Methyldopa,254
Dobutamine,255
Buprenorphine,256
Ethanol,257
Arformoterol,258
Allopurinol,259
Dabrafenib,260
Lumiracoxib,261
Irinotecan,262
Methotrexate,263
Albendazole,264
Methylergometrine,265
Clotrimazole,266
Chenodeoxycholicacid,267
Masoprocol,268
Neratinib,269
Bezafibrate,270
Doxorubicin,271
Leflunomide,272
Eslicarbazepineacetate,273
Balsalazide,274
Decitabine,275
Metronidazole,276
Isoflurane,277
Minaprine,278
Aclidinium,279
Ifosfamide,280
Bicalutamide,281
Flunisolide,282
Gemfibrozil,283
Clofibrate,284
Mefenamicacid,285
Dexfenfluramine,286
Atomoxetine,287
Dabigatranetexilate,288
Lurasidone,289
Ivermectin,290
Amobarbital,291
Apalutamide,292
Chloroprocaine,293
Clotiazepam,294
Chloramphenicol,295
Docetaxel,296
Hydromorphone,297
Cinchocaine,298
Eplerenone,299
Doxacuriumchloride,300
Chlorpropamide,301
Methsuximide,302
Estradiolbenzoate,303
Chlorphenamine,304
Dienogest,305
Bambuterol,306
Levodopa,307
Lisuride,308
Benidipine,309
Metyrapone,310
Imidafenacin,311
Betamethasone,312
Montelukast,313
Alprenolol,314
Cinnarizine,315
Dorzolamide,316
Lobeglitazone,317
Bupropion,318
Dosulepin,319
Clodronicacid,320
Amitriptyline,321
Allylestrenol,322
Molsidomine,323
Copanlisib,324
Dolasetron,325
Crisaborole,326
Darifenacin,327
Ibuprofen,328
Cinacalcet,329
Diethylstilbestrol,330
Floxuridine,331
Bosutinib,332
Enasidenib,333
Macitentan,334
Loxoprofen,335
Capsaicin,336
Amlodipine,337
Adenosine,338
Methyprylon,339
Candesartancilexetil,340
Mequitazine,341
Diclofenamide,342
Antipyrine,343
Finasteride,344
Levomilnacipran,345
Eszopiclone,346
Fenofibrate,347
Chlorpromazine,348
Alfentanil,349
Dicyclomine,350
Debrisoquin,351
Nicardipine,352
Diazepam,353
Methoxyflurane,354
Methazolamide,355
Ajmaline,356
Cyclobenzaprine,357
Isoflurophate,358
Cyclophosphamide,359
Epinastine,360
Digitoxin,361
Loperamide,362
Encainide,363
Alfuzosin,364
Acemetacin,365
Maraviroc,366
Chlorzoxazone,367
Aprindine,368
Clozapine,369
Bifonazole,370
Indomethacin,371
Galantamine,372
Iloperidone,373
Idarubicin,374
Alogliptin,375
Midodrine,376
Apremilast,377
Lesinurad,378
Hydrocodone,379
Cyproheptadine,380
Clopidogrel,381
Atovaquone,382
Adinazolam,383
Melperone,384
Meloxicam,385
Amoxapine,386
Enoxacin,387
Colchicine,388
Niacin,389
Memantine,390
Famotidine,391
Gabapentin,392
Carbimazole,393
Clonidine,394
Midostaurin,395
Epirubicin,396
Lorpiprazole,397
Felbamate,398
Clarithromycin,399
Netupitant,400
Nebivolol,401
Drospirenone,402
Estronesulfate,403
Fluvoxamine,404
Levonorgestrel,405
Bendroflumethiazide,406
Diphenhydramine,407
Hydrocortisone,408
Formoterol,409
Carmustine,410
Guanabenz,411
Letrozole,412
Astemizole,413
Diflunisal,414
Brivaracetam,415
Alitretinoin,416
Cholinesalicylate,417
Cabazitaxel,418
Aranidipine,419
Methylphenobarbital,420
Beclomethasonedipropionate,421
Ketamine,422
Fluoxetine,423
Clofazimine,424
Betaxolol,425
Budesonide,426
Cevimeline,427
Brimonidine,428
Biperiden,429
Conivaptan,430
Metamizole,431
Azithromycin,432
Anastrozole,433
Bupivacaine,434
Ketoprofen,435
Mexiletine,436
Cholecalciferol,437
Carbinoxamine,438
Diltiazem,439
Naratriptan,440
Econazole,441
Mifepristone,442
Ertugliflozin,443
Neostigmine,444
Cimetidine,445
Ltryptophan,446
Benazepril,447
Axitinib,448
Aminosalicylicacid,449
Carvedilol,450
Etonogestrel,451
Lomefloxacin,452
Cyproteroneacetate,453
Cyclopentolate,454
Methyltestosterone,455
Histamine,456
Meclizine,457
Acitretin,458
Eletriptan,459
Bepridil,460
Estradiolcypionate,461
Dasatinib,462
Cysteamine,463
Choline,464
Dalfampridine,465
Brinzolamide,466
Codeine,467
Mitiglinide,468
Acetohexamide,469
Hydrocortamate,470
Hydralazine,471
Celiprolol,472
Hydroxyurea,473
Carisoprodol,474
Doxercalciferol,475
Amifostine,476
Fluocinoloneacetonide,477
Clevidipine,478
Isavuconazole,479
Griseofulvin,480
Fluticasonefuroate,481
Lumacaftor,482
Alclometasone,483
Glimepiride,484
Bromazepam,485
Mepyramine,486
Aceclofenac,487
Brexpiprazole,488
Celecoxib,489
Isosorbidedinitrate,490
Amodiaquine,491
Ambrisentan,492
Bromfenac,493
Clobetasolpropionate,494
Dexketoprofen,495
Dexmedetomidine,496
Indacaterol,497
Bivalirudin,498
Hydroxyzine,499
Lidocaine,500
Homatropine,501
Aripiprazole,502
Buspirone,503
Morphine,504
Glutethimide,505
Alimemazine,506
Guanethidine,507
Dextroamphetamine,508
Cabozantinib,509
Lomustine,510
Capecitabine,511
Azelastine,512
Ketazolam,513
Ethotoin,514
Fospropofol,515
Glycerin,516
Clorazepate,517
Levomethadylacetate,518
Dapagliflozin,519
Atorvastatin,520
Ibrutinib,521
Methylnaltrexone,522
Fulvestrant,523
Mianserin,524
Methionine,525
Calcidiol,526
Miglitol,527
Ethosuximide,528
Meprobamate,529
Malathion,530
Fomepizole,531
Dextropropoxyphene,532
Cilnidipine,533
Apomorphine,534
Abemaciclib,535
Hesperetin,536
Benzatropine,537
Eliglustat,538
Dofetilide,539
Guanfacine,540
Mirtazapine,541
Nelarabine,542
Epoprostenol,543
Irbesartan,544
Cisplatin,545
Lubiprostone,546
Lansoprazole,547
Calciumcarbimide,548
Cisapride,549
Deutetrabenazine,550
Naldemedine,551
Lornoxicam,552
Efonidipine,553
Halothane,554
Ethanolamineoleate,555
Dacarbazine,556
Glipizide,557
Mersalyl,558
Ezogabine,559
Calcipotriol,560
Nandrolonedecanoate,561
Disulfiram,562
Crizotinib,563
Ixabepilone,564
Bosentan,565
Lipoicacid,566
Acetylcholine,567
Diethylcarbamazine,568
Amylnitrite,569
Arsenictrioxide,570
Decamethonium,571
